id;title;genre;upload_date;description
1;yellow hm;amongst playfully;2024-05-07T00:48:36;even or
2;phooey secede before;doubtfully how;2024-05-07T07:47:47;ew consequently guava
3;hence;meh furthermore an;2024-05-07T11:07:49;across
4;within;meh graceful inside;2024-05-07T02:56:22;physical boohoo yuck
5;ha yippee well;frequency;2024-05-07T07:33:25;or quoth
6;liner down;huzzah allow upon;2024-05-07T04:28:12;measly
7;for courageously unwritten;versus if;2024-05-07T04:11:33;anenst reshuffle permit
8;but interface;tiny next grave;2024-05-07T14:08:27;cartilage psst elegantly
9;ouch though;mmm ouch till;2024-05-07T08:08:09;nor aha
10;clothe;interestingly undersell detain;2024-05-07T01:46:48;feisty restfully menace
